{"cameraMode":{"drawMode":0,"name":"Shaded","section":"Shading Mode"},"sceneLighting":false,"audioPlay":false,"sceneViewState":{"m_AlwaysRefresh":false,"showFog":true,"showSkybox":false,"showFlares":true,"showImageEffects":true,"showParticleSystems":true,"showVisualEffectGraphs":true,"m_FxEnabled":true},"in2DMode":false,"pivot":{"x":-0.3319634795188904,"y":-0.2831168472766876,"z":0.17566367983818055},"rotation":{"x":0.3029680848121643,"y":0.1865408569574356,"z":-0.06061818450689316,"w":0.9326464533805847},"size":0.7141428589820862,"orthographic":false}