{"cameraMode":{"drawMode":0,"name":"Shaded","section":"Shading Mode"},"sceneLighting":true,"audioPlay":false,"sceneViewState":{"m_AlwaysRefresh":false,"showFog":true,"showSkybox":true,"showFlares":true,"showImageEffects":true,"showParticleSystems":true,"showVisualEffectGraphs":true,"m_FxEnabled":true},"in2DMode":false,"pivot":{"x":-573.5921020507813,"y":1422.705810546875,"z":-3.3155391216278078},"rotation":{"x":0.42357268929481509,"y":-0.009773987345397473,"z":0.004569866694509983,"w":0.905805766582489},"size":1139.6236572265625,"orthographic":false}